<?xml version="1.0" encoding="UTF-8"?>
<!--

    Licensed under the GPL License. You may not use this file except in compliance with the License.
    You may obtain a copy of the License at

      https://www.gnu.org/licenses/old-licenses/gpl-2.0.html

    THIS PACKAGE IS PROVIDED "AS IS" AND WITHOUT ANY EXPRESS OR IMPLIED WARRANTIES, INCLUDING,
    WITHOUT LIMITATION, THE IMPLIED WARRANTIES OF MERCHANTIBILITY AND FITNESS FOR A PARTICULAR
    PURPOSE.

-->
<project name="${project.name}" xmlns="http://maven.apache.org/DECORATION/1.8.0" xmlns:xsi="http://www.w3.org/2001/XMLSchema-instance"
    xsi:schemaLocation="http://maven.apache.org/DECORATION/1.8.0 https://maven.apache.org/xsd/decoration-1.8.0.xsd">
    <bannerLeft>
        <src>/images/psi-probe-banner.jpg</src>
        <href>https://github.com/psi-probe/psi-probe</href>
    </bannerLeft>
    <bannerRight>
        <src>https://tomcat.apache.org/images/tomcat.png</src>
        <href>https://tomcat.apache.org/</href>
    </bannerRight>
    <skin>
        <groupId>org.apache.maven.skins</groupId>
        <artifactId>maven-fluido-skin</artifactId>
        <version>1.10.0</version>
    </skin>
    <custom>
        <fluidoSkin>
            <topBarEnabled>true</topBarEnabled>
            <sideBarEnabled>true</sideBarEnabled>
        </fluidoSkin>
    </custom>
    <body>
        <links>
            <item name="Psi-Probe" href="https://github.com/psi-probe/psi-probe" />
        </links>
        <menu ref="reports" />
    </body>
</project>