<?xml version="1.0" encoding="UTF-8"?>
<!--

    Licensed under the GPL License. You may not use this file except in compliance with the License.
    You may obtain a copy of the License at

      https://www.gnu.org/licenses/old-licenses/gpl-2.0.html

    THIS PACKAGE IS PROVIDED "AS IS" AND WITHOUT ANY EXPRESS OR IMPLIED WARRANTIES, INCLUDING,
    WITHOUT LIMITATION, THE IMPLIED WARRANTIES OF MERCHANTIBILITY AND FITNESS FOR A PARTICULAR
    PURPOSE.

-->
<extensions>
    <extension>
      <groupId>fr.jcgay.maven</groupId>
      <artifactId>maven-profiler</artifactId>
      <version>3.2</version>
    </extension>
</extensions>
