<?xml version="1.0" encoding="UTF-8"?>
<!--

    Licensed under the GPL License. You may not use this file except in compliance with the License.
    You may obtain a copy of the License at

      https://www.gnu.org/licenses/old-licenses/gpl-2.0.html

    THIS PACKAGE IS PROVIDED "AS IS" AND WITHOUT ANY EXPRESS OR IMPLIED WARRANTIES, INCLUDING,
    WITHOUT LIMITATION, THE IMPLIED WARRANTIES OF MERCHANTIBILITY AND FITNESS FOR A PARTICULAR
    PURPOSE.

-->
<!DOCTYPE project>
<configuration scan="true" debug="false">

  <appender name="PSI-PROBE" class="ch.qos.logback.core.rolling.RollingFileAppender">
    <File>${probe.log.path}/probe.log</File>
    <append>true</append>
    <encoder>
      <charset>utf-8</charset>
      <pattern>%d{HH:mm:ss.SSS} %-5level {%thread} [%logger{40}] %msg%n</pattern>
    </encoder>
    <rollingPolicy class="ch.qos.logback.core.rolling.TimeBasedRollingPolicy">
      <fileNamePattern>${probe.log.path}/archive/probe-%d{yyyyMMdd}-%i.log.tar.gz</fileNamePattern>
      <maxHistory>10</maxHistory>
      <timeBasedFileNamingAndTriggeringPolicy class="ch.qos.logback.core.rolling.SizeAndTimeBasedFNATP">
        <maxFileSize>20MB</maxFileSize>
      </timeBasedFileNamingAndTriggeringPolicy>
    </rollingPolicy>
  </appender>

  <appender name="SIFT" class="ch.qos.logback.classic.sift.SiftingAppender">
    <discriminator>
      <key>userid</key>
      <defaultValue>unknown</defaultValue>
    </discriminator>
    <sift>
      <appender name="FILE-${userid}" class="ch.qos.logback.core.FileAppender">
        <file>user-${userid}.log</file>
        <layout class="ch.qos.logback.classic.PatternLayout">
          <pattern>%d{HH:mm:ss:SSS} | %-5level | %thread | %logger{20} | %msg%n%rEx</pattern>
        </layout>
      </appender>
    </sift>
  </appender>

  <logger name="org.springframework.web.context.support" level="ERROR"/>
  <logger name="org.springframework.beans.factory.support" level="ERROR"/>

  <root level="INFO">
    <appender-ref ref="PSI-PROBE"/>
    <appender-ref ref="SIFT" />
  </root>
</configuration>